ds,High,Low,Open
2021-11-15 08:00:00,5113.811589118646,4602.525275384025,4680.25
2021-11-15 12:00:00,5131.306573572024,4599.365287468283,4723.0
2021-11-15 16:00:00,5094.461510247238,4590.860464392132,4648.08
2021-11-15 20:00:00,5115.161822240469,4602.959908246487,4600.54
2021-11-16 00:00:00,5102.945254723862,4601.642519847245,4563.78
2021-11-16 04:00:00,5113.3933401229215,4583.924370172373,4309.58
2021-11-16 08:00:00,5094.060289014987,4572.280355545937,4312.11
2021-11-16 12:00:00,5092.409971678333,4562.731160970536,4292.43
2021-11-16 16:00:00,5089.378004798031,4572.020532497525,4285.82
2021-11-16 20:00:00,5110.800884346928,4577.737349231955,4265.03
2021-11-17 00:00:00,5106.933068984472,4554.198227531342,4209.76
2021-11-17 04:00:00,5090.190280078118,4505.753281454672,4122.11
2021-11-17 08:00:00,5035.329866946246,4502.24953153219,4183.67
2021-11-17 12:00:00,5034.574551861422,4483.09234310845,4252.4
2021-11-17 16:00:00,5004.212967996373,4435.888620138291,4174.76
2021-11-17 20:00:00,4959.41273750514,4440.391116312396,4242.52
2021-11-18 00:00:00,4882.0411231329845,4359.179743639932,4287.8
2021-11-18 04:00:00,4910.355668435393,4324.333583016257,4279.5
2021-11-18 08:00:00,4925.69810346694,4304.255946790869,4247.99
2021-11-18 12:00:00,4860.027228412394,4326.362016258151,4189.65
2021-11-18 16:00:00,4847.810287927472,4273.64364929985,4071.77
2021-11-18 20:00:00,4819.263925292901,4282.2529925942945,4065.41
2021-11-19 00:00:00,4803.59116740528,4227.32399492669,3996.9
2021-11-19 04:00:00,4793.03049339724,4178.298544604131,4010.67
2021-11-19 08:00:00,4703.050001884297,4207.253751264502,4062.04
2021-11-19 12:00:00,4744.025149578258,4121.245979273548,4141.2
2021-11-19 16:00:00,4740.078973056463,4155.120238559029,4216.17
2021-11-19 20:00:00,4716.101593697751,4140.930392555106,4290.07
2021-11-20 00:00:00,4723.7938569675525,4132.68549904112,4294.76
2021-11-20 04:00:00,4716.923275669469,4065.6245714698834,4280.55
2021-11-20 08:00:00,4621.776192588319,4037.217285730252,4279.99
2021-11-20 12:00:00,4624.077764266243,4063.4770427609324,4317.83
2021-11-20 16:00:00,4670.319721605412,4061.1451249829993,4213.06
2021-11-20 20:00:00,4596.661277579657,4085.316511946548,4398.39
2021-11-21 00:00:00,4631.624001029028,4079.392151812325,4412.17
2021-11-21 04:00:00,4637.836114538981,4093.058060671233,4343.29
2021-11-21 08:00:00,4650.635257278638,4084.9856992307655,4348.13
2021-11-21 12:00:00,4670.968563323931,4093.7805538814646,4319.53
2021-11-21 16:00:00,4674.717610652997,4125.785045957246,4366.21
2021-11-21 20:00:00,4704.812449356984,4136.365483513576,4345.99
2021-11-22 00:00:00,4642.166248551651,4101.446310607304,4258.31
2021-11-22 04:00:00,4637.9762362346655,4089.6385963510047,4164.99
2021-11-22 08:00:00,4667.64581693952,4087.489959934583,4188.17
2021-11-22 12:00:00,4682.666488354354,4088.362681754452,4171.92
2021-11-22 16:00:00,4654.061621160544,4066.436118812157,4236.6
2021-11-22 20:00:00,4651.308710801437,4069.2315361508604,4066.39
2021-11-23 00:00:00,4643.402245675437,4057.3148873927776,4085.97
2021-11-23 04:00:00,4618.543109866112,4064.030300368935,4178.58
2021-11-23 08:00:00,4582.876100605871,4034.2129203701556,4107.09
2021-11-23 12:00:00,4598.9716980590665,4078.374508929503,4135.28
2021-11-23 16:00:00,4603.483438785682,4078.530659112378,4269.55
2021-11-23 20:00:00,4610.955316399875,4077.605105537622,4355.86
2021-11-24 00:00:00,4617.0026643511,4054.8497288835597,4339.44
2021-11-24 04:00:00,4605.712976313818,4071.4235781684674,4246.71
2021-11-24 08:00:00,4591.445223001223,4056.3521907104,4269.37
2021-11-24 12:00:00,4601.741434431947,4057.4967479858806,4292.28
2021-11-24 16:00:00,4562.187409281526,4049.5042355337623,4252.35
2021-11-24 20:00:00,4568.299351654919,4017.1719866979124,4211.88
2021-11-25 00:00:00,4533.994507657694,4021.8097279137464,4269.36
2021-11-25 04:00:00,4550.283869861651,3991.18188689584,4317.2
2021-11-25 08:00:00,4502.584123324027,3990.2589171490426,4295.39
2021-11-25 12:00:00,4483.95423821508,3988.629076470028,4386.96
2021-11-25 16:00:00,4491.516599884654,4003.6355625217484,4475.65
2021-11-25 20:00:00,4452.816048664896,3989.548185025505,4502.04
2021-11-26 00:00:00,4461.858996784581,3983.7056220656136,4524.85
2021-11-26 04:00:00,4470.501921150775,3986.775966245719,4426.63
2021-11-26 08:00:00,4463.163523678397,3976.0774948053086,4343.45
2021-11-26 12:00:00,4458.3399726397665,3951.940618420976,3985.44
2021-11-26 16:00:00,4465.053637715061,3969.2178019441635,4063.94
2021-11-26 20:00:00,4429.057200791199,3933.4951534322245,4082.94
2021-11-27 00:00:00,4408.224933058966,3904.239095732848,4041.2
2021-11-27 04:00:00,4411.815461839191,3915.3323892446424,4115.01
2021-11-27 08:00:00,4392.295089860187,3922.699021061454,4123.82
2021-11-27 12:00:00,4403.580895735279,3884.056963159771,4111.82
2021-11-27 16:00:00,4358.904944053632,3886.7966948925996,4132.82
2021-11-27 20:00:00,4349.997536061498,3888.52068204378,4115.25
2021-11-28 00:00:00,4358.430633551098,3879.026978940633,4095.29
2021-11-28 04:00:00,4337.986708625751,3842.949499526275,4026.03
2021-11-28 08:00:00,4366.238073943511,3836.4153133076893,4069.31
2021-11-28 12:00:00,4356.210121788819,3841.946785586891,4096.6
2021-11-28 16:00:00,4355.1534116355615,3861.293102654279,4077.74
2021-11-28 20:00:00,4367.1158031491805,3859.7566992773764,4098.9
2021-11-29 00:00:00,4339.370743209887,3855.9180739075514,4294.78
2021-11-29 04:00:00,4362.847980424787,3870.1339785897767,4306.75
2021-11-29 08:00:00,4375.947766349469,3866.4839178932116,4350.74
2021-11-29 12:00:00,4357.448371751201,3863.5876957876394,4296.64
2021-11-29 16:00:00,4376.187184822114,3873.788487914827,4336.08
2021-11-29 20:00:00,4357.449065126274,3889.0768086450016,4387.04
2021-11-30 00:00:00,4398.1714154312485,3902.0831636429634,4444.53
2021-11-30 04:00:00,4384.560339687864,3903.9265753054237,4435.24
2021-11-30 08:00:00,4418.506135290137,3955.6665965563784,4412.82
2021-11-30 12:00:00,4455.640876560025,3946.4052994989834,4590.47
2021-11-30 16:00:00,4453.63920475777,4007.206683715681,4613.85
2021-11-30 20:00:00,4507.902071853329,3985.0503937722897,4663.23
2021-12-01 00:00:00,4532.515604152598,4016.382731172766,4630.26
2021-12-01 04:00:00,4540.358248882178,4044.1447723908564,4759.37
2021-12-01 08:00:00,4566.575721960116,4039.589971571357,4766.69
2021-12-01 12:00:00,4551.332783286095,4066.8734817360873,4672.86
2021-12-01 16:00:00,4580.118485511567,4045.03519883913,4725.57
2021-12-01 20:00:00,4579.323855138102,4050.642538502929,4660.58
2021-12-02 00:00:00,4567.383537810829,4047.78452112303,4582.95
2021-12-02 04:00:00,4578.397198421716,4013.8167722003705,4490.98
2021-12-02 08:00:00,4575.62980195364,4006.3962341342426,4560.11
2021-12-02 12:00:00,4572.592984221937,4010.9055030836284,4531.25
2021-12-02 16:00:00,4573.153952113736,4023.1895990032945,4543.06
2021-12-02 20:00:00,4578.820155027399,4007.6635503141665,4489.24
2021-12-03 00:00:00,4571.3761395846,4018.6990645589844,4511.21
2021-12-03 04:00:00,4584.019879650723,4019.0202824293187,4493.15
2021-12-03 08:00:00,4568.59840638346,4030.671741348976,4568.57
2021-12-03 12:00:00,4582.207166406524,4047.8568528931937,4612.08
2021-12-03 16:00:00,4569.569052089269,4060.714560259279,4468.15
2021-12-03 20:00:00,4576.700299926219,4030.5153562751525,4228.81
2021-12-04 00:00:00,4581.642304352251,4005.761949297905,4215.73
2021-12-04 04:00:00,4553.5897397579465,4009.712462389313,4058.12
2021-12-04 08:00:00,4551.5105989713265,3975.396329804367,3893.51
2021-12-04 12:00:00,4553.676604314724,3980.0515270685564,3866.36
2021-12-04 16:00:00,4551.515433625069,3966.2024396499387,4036.54
2021-12-04 20:00:00,4525.371995183605,3974.1892149707287,4117.36
2021-12-05 00:00:00,4541.674099923609,3970.3599320302815,4117.25
2021-12-05 04:00:00,4529.046236443532,3958.881088846989,4162.8
2021-12-05 08:00:00,4549.338890753315,3959.873305858137,4199.52
2021-12-05 12:00:00,4525.021592420865,3977.924413364135,4194.11
2021-12-05 16:00:00,4543.394517494521,3963.62656853944,4070.07
2021-12-05 20:00:00,4547.956245356713,3954.483305183483,4138.41
2021-12-06 00:00:00,4547.195371361125,3969.172781458198,4196.44
2021-12-06 04:00:00,4537.998403813486,3947.259610816064,4168.09
2021-12-06 08:00:00,4552.031404502933,3944.0159930505847,4071.98
2021-12-06 12:00:00,4505.129261057099,3939.5096413059196,4044.41
2021-12-06 16:00:00,4499.448955876615,3917.5543227786047,4125.41
2021-12-06 20:00:00,4501.748854156892,3932.3881904707496,4194.29
2021-12-07 00:00:00,4520.992176451829,3980.4308382581294,4347.59
2021-12-07 04:00:00,4537.070396837773,3958.658139363621,4341.57
2021-12-07 08:00:00,4523.2051100406115,3941.0307740943795,4352.9
2021-12-07 12:00:00,4575.015789946186,4012.7404346480953,4408.33
2021-12-07 16:00:00,4552.816802241436,3989.8325039678098,4386.59
2021-12-07 20:00:00,4594.354647496271,4017.5355313322757,4313.19
2021-12-08 00:00:00,4610.321319720652,4016.358327264443,4306.4
2021-12-08 04:00:00,4612.468492288896,4018.5211757196726,4293.57
2021-12-08 08:00:00,4609.099126743143,4019.2492602571992,4367.31
2021-12-08 12:00:00,4609.379019945308,4036.3458235842486,4267.27
2021-12-08 16:00:00,4593.091004584885,4017.7897225590445,4403.22
2021-12-08 20:00:00,4591.932126986696,4011.7144465354395,4381.37
2021-12-09 00:00:00,4580.531173041774,4006.5923900487005,4436.91
2021-12-09 04:00:00,4563.802347331125,3989.5799545703817,4359.41
2021-12-09 08:00:00,4569.723155582663,3987.8426419965167,4379.22
2021-12-09 12:00:00,4569.746860792833,3985.8580069359537,4304.04
2021-12-09 16:00:00,4536.744877040836,3988.0079166949154,4201.35
2021-12-09 20:00:00,4548.1629558160475,3973.1271293493583,4122.46
2021-12-10 00:00:00,4525.644961905799,3956.3544374665375,4105.64
2021-12-10 04:00:00,4522.953318099551,3967.7190270522256,4140.86
2021-12-10 08:00:00,4531.117894137462,3972.0533883403655,4031.01
2021-12-10 12:00:00,4515.183161877624,3960.272681066426,4156.82
2021-12-10 16:00:00,4493.780160503345,3945.1301342926863,4022.9
2021-12-10 20:00:00,4482.697303269766,3943.380034416976,4016.56
2021-12-11 00:00:00,4484.4393691496825,3958.4011334804427,3897.94
2021-12-11 04:00:00,4476.739502446176,3922.164925261125,4008.53
2021-12-11 08:00:00,4469.153870515637,3910.4111636565244,3977.79
2021-12-11 12:00:00,4465.20906266684,3887.996803086174,4013.99
2021-12-11 16:00:00,4451.762634239352,3900.016196416368,4058.08
2021-12-11 20:00:00,4424.217745543848,3901.193681542985,4004.01
2021-12-12 00:00:00,4436.190034927729,3896.998941733729,4089.37
2021-12-12 04:00:00,4436.243534279925,3897.8295244750548,4042.76
2021-12-12 08:00:00,4413.824050781284,3874.1929161966145,4055.9
2021-12-12 12:00:00,4396.019074325443,3864.251363807697,4036.09
2021-12-12 16:00:00,4414.070519775472,3897.5396008491966,4024.68
2021-12-12 20:00:00,4409.065229519976,3892.0434127214544,4139.31
2021-12-13 00:00:00,4415.0259762901405,3886.3051051604953,4130.0
2021-12-13 04:00:00,4388.095934137225,3880.6059493755683,3996.32
2021-12-13 08:00:00,4378.152102600998,3875.9048001860024,3987.07
2021-12-13 12:00:00,4396.971905558699,3875.738765180777,4011.25
2021-12-13 16:00:00,4385.549306665824,3863.4560037042675,3810.99
2021-12-13 20:00:00,4357.3972365375785,3876.9628372061397,3765.8
2021-12-14 00:00:00,4377.600370485055,3857.4383223908817,3781.93
2021-12-14 04:00:00,4347.541248149474,3856.0627166720574,3775.14
2021-12-14 08:00:00,4361.962667441442,3856.3425254734266,3783.29
2021-12-14 12:00:00,4338.447873849894,3855.060151228877,3839.2
2021-12-14 16:00:00,4358.322820595439,3842.2152819064063,3785.95
2021-12-14 20:00:00,4341.689502232685,3832.5420963444494,3768.74
2021-12-15 00:00:00,4327.908515890729,3826.380982238328,3858.99
2021-12-15 04:00:00,4336.692066714399,3832.438943982271,3847.45
2021-12-15 08:00:00,4343.20280129162,3827.891586982381,3863.68
2021-12-15 12:00:00,4319.99087212696,3826.8875840689657,3851.12
2021-12-15 16:00:00,4317.802792946954,3799.890011504242,3659.38
2021-12-15 20:00:00,4308.702328424959,3783.5335298185996,3969.54
2021-12-16 00:00:00,4268.856666888413,3792.877840382389,4019.08
2021-12-16 04:00:00,4287.27114401824,3768.3434059489587,4018.08
2021-12-16 08:00:00,4275.8221337208,3772.1660153742464,4021.68
2021-12-16 12:00:00,4259.765791809375,3740.0930816739174,4069.63
2021-12-16 16:00:00,4269.561387940833,3716.374841959145,4082.0
2021-12-16 20:00:00,4251.021210990074,3743.3304727945206,3996.82
2021-12-17 00:00:00,4237.179780498521,3715.717195501166,3958.11
2021-12-17 04:00:00,4233.047305504776,3707.0676028165954,3968.03
2021-12-17 08:00:00,4219.777566816032,3706.5784887119967,3881.54
2021-12-17 12:00:00,4212.480816467479,3683.161128352796,3834.36
2021-12-17 16:00:00,4177.340167561215,3661.325095105644,3834.55
2021-12-17 20:00:00,4160.835472360004,3671.289597130388,3881.3
2021-12-18 00:00:00,4164.782617975237,3666.5723230260774,3875.42
2021-12-18 04:00:00,4183.509665488985,3646.748211529353,3877.23
2021-12-18 08:00:00,4162.814342881811,3664.728160963031,3890.43
2021-12-18 12:00:00,4157.999823931803,3640.2928563697324,3958.13
2021-12-18 16:00:00,4131.385889445745,3636.3343512048514,3945.41
2021-12-18 20:00:00,4144.574547077796,3650.925751993283,3943.2
2021-12-19 00:00:00,4140.492826254302,3630.307704192138,3959.93
2021-12-19 04:00:00,4172.824699630693,3624.560381902484,3988.58
2021-12-19 08:00:00,4143.060551158119,3649.2404850021144,3977.0
2021-12-19 12:00:00,4156.654647839715,3667.2183469202996,3925.36
2021-12-19 16:00:00,4175.365213241223,3656.115675871464,3927.26
2021-12-19 20:00:00,4177.533232581153,3627.8993486235822,3914.06
2021-12-20 00:00:00,4178.480040311174,3664.0207298085566,3924.14
2021-12-20 04:00:00,4190.273052849206,3630.9306304198994,3906.62
2021-12-20 08:00:00,4158.707596123906,3630.1038330013084,3823.97
2021-12-20 12:00:00,4136.147098604871,3605.2427049648563,3813.02
2021-12-20 16:00:00,4142.656664938405,3632.734256459705,3800.77
2021-12-20 20:00:00,4160.623100905983,3639.4381134448226,3872.19
2021-12-21 00:00:00,4146.89208974685,3632.7717110821186,3944.73
2021-12-21 04:00:00,4169.50745815195,3625.595223755042,4007.46
2021-12-21 08:00:00,4157.324486193138,3624.2796813349178,4003.21
2021-12-21 12:00:00,4151.850255007026,3627.769109206088,4025.32
2021-12-21 16:00:00,4182.7191159093545,3650.3766957325147,3978.21
2021-12-21 20:00:00,4171.802744133893,3656.218264288633,4007.87
2021-12-22 00:00:00,4184.4819882597685,3679.251289928368,4014.15
2021-12-22 04:00:00,4199.014907580347,3644.026894003993,4048.6
2021-12-22 08:00:00,4198.621285029428,3649.8072878562452,4047.24
2021-12-22 12:00:00,4219.480391470657,3647.3296273627843,4022.51
2021-12-22 16:00:00,4209.4604166537165,3650.08919380576,4007.24
2021-12-22 20:00:00,4197.6004773840605,3648.88144017033,3997.5
2021-12-23 00:00:00,4192.076780442246,3656.926188711024,3979.51
2021-12-23 04:00:00,4178.600636083088,3619.056103050113,3960.59
2021-12-23 08:00:00,4165.239123506006,3608.2415985380253,3911.6
2021-12-23 12:00:00,4175.791449721329,3607.106568645372,3934.32
2021-12-23 16:00:00,4164.678797035193,3582.4923321257597,3950.65
2021-12-23 20:00:00,4160.363687564241,3602.2459097131605,4133.64
2021-12-24 00:00:00,4165.106438782698,3600.1425319614923,4111.41
2021-12-24 04:00:00,4150.024231891412,3597.7071841423717,4092.03
2021-12-24 08:00:00,4132.211457018615,3606.542556765668,4088.67
2021-12-24 12:00:00,4165.728401552849,3603.6395529241236,4079.0
2021-12-24 16:00:00,4164.517779528883,3595.2582900645607,4094.23
2021-09-01 08:00:00,3646.4700756182065,3174.901318033617,3516.86
2021-09-01 12:00:00,3653.79703758008,3178.5169900901556,3530.99
2021-09-01 16:00:00,3658.4556651461926,3186.6051125324057,3580.56
2021-09-01 20:00:00,3683.702206010421,3191.9450991911085,3713.11
2021-09-02 00:00:00,3675.606656064538,3187.0153132424607,3826.82
2021-09-02 04:00:00,3656.121831816586,3181.3735650872754,3763.31
2021-09-02 08:00:00,3673.184871464638,3204.670887280448,3733.41
2021-09-02 12:00:00,3703.3219779005203,3211.3860370603406,3760.62
2021-09-02 16:00:00,3682.4178858256355,3214.066415998002,3756.31
2021-09-02 20:00:00,3679.956777837689,3238.5111059589512,3783.89
2021-09-03 00:00:00,3714.554227736038,3266.57274328934,3785.82
2021-09-03 04:00:00,3724.5199240815696,3264.27782276111,3806.83
2021-09-03 08:00:00,3719.2127068797145,3282.363637919126,3797.92
2021-09-03 12:00:00,3748.0690077629897,3272.149437917481,3953.48
2021-09-03 16:00:00,3757.8286434371907,3313.131985070997,3968.8
2021-09-03 20:00:00,3785.0505424205858,3335.096024104267,3943.85
2021-09-04 00:00:00,3824.4148088598786,3352.730888090814,3938.11
2021-09-04 04:00:00,3838.4924971274904,3325.8153222658743,3917.76
2021-09-04 08:00:00,3845.7701036728217,3344.744376595133,3916.75
2021-09-04 12:00:00,3836.1697821179055,3366.7468367855777,3886.89
2021-09-04 16:00:00,3861.743074591008,3391.8323488030965,3917.72
2021-09-04 20:00:00,3832.0047757926855,3403.0244198783244,3858.41
2021-09-05 00:00:00,3857.524222098668,3411.167319816272,3885.52
2021-09-05 04:00:00,3889.421086062349,3455.237329337687,3845.0
2021-09-05 08:00:00,3891.7419827816966,3461.2800783110984,3870.71
2021-09-05 12:00:00,3921.3093021884524,3470.368651686398,3924.56
2021-09-05 16:00:00,3926.2941844346988,3482.102516342101,3907.68
2021-09-05 20:00:00,3950.479025103435,3485.2250656172096,3928.47
2021-09-06 00:00:00,3942.9511007380393,3521.381491380258,3950.29
2021-09-06 04:00:00,3963.670936159051,3503.6328108071893,3904.98
2021-09-06 08:00:00,3962.3225913204856,3557.3053313893424,3943.76
2021-09-06 12:00:00,3973.9601867341976,3527.639648078383,3904.77
2021-09-06 16:00:00,3990.9355080800174,3558.30809650096,3924.98
2021-09-06 20:00:00,4013.9573303551697,3559.7848391181724,3937.8
2021-09-07 00:00:00,4019.7324970409995,3575.9962204855847,3926.77
2021-09-07 04:00:00,4036.6032902304605,3576.6686350103437,3913.67
2021-09-07 08:00:00,4039.182851678966,3608.4536542318424,3883.85
2021-09-07 12:00:00,4045.4701573720276,3613.5606826175376,3749.18
2021-09-07 16:00:00,4072.834502097052,3605.0154182258675,3452.7
2021-09-07 20:00:00,4054.9281185854975,3608.6632395754764,3411.9
2021-09-08 00:00:00,4055.7684223518204,3612.089761770134,3434.57
2021-09-08 04:00:00,4060.042466448537,3592.473773921359,3430.32
2021-09-08 08:00:00,4057.3486006433886,3583.2701441975987,3258.22
2021-09-08 12:00:00,4050.3255482721197,3571.1128171273194,3406.26
2021-09-08 16:00:00,4018.1221513076157,3551.79694553462,3419.35
2021-09-08 20:00:00,4037.5749904014474,3572.455738680505,3523.14
2021-09-09 00:00:00,4016.63571140836,3573.444655925572,3499.0
2021-09-09 04:00:00,4026.7860582768585,3557.8098966301823,3469.88
2021-09-09 08:00:00,4013.162930500549,3536.0743563828346,3499.42
2021-09-09 12:00:00,3999.511641078396,3553.3869983038553,3479.99
2021-09-09 16:00:00,4010.415494588965,3556.581815148476,3523.75
2021-09-09 20:00:00,4001.4651706774775,3532.692671028889,3463.68
2021-09-10 00:00:00,4033.1245240185244,3533.873748598233,3424.93
2021-09-10 04:00:00,4007.7149167556145,3510.698450243888,3465.02
2021-09-10 08:00:00,4022.6892727745185,3528.602896744369,3403.12
2021-09-10 12:00:00,4032.4437141500057,3529.2311418770496,3401.42
2021-09-10 16:00:00,3981.0429950340467,3524.055203418013,3298.99
2021-09-10 20:00:00,4024.2727591406556,3498.314776187099,3311.26
2021-09-11 00:00:00,4014.3519338939473,3533.247127907948,3208.86
2021-09-11 04:00:00,4022.385662222458,3481.505194469736,3241.63
2021-09-11 08:00:00,3990.4385188250844,3481.3454350541233,3248.03
2021-09-11 12:00:00,4017.24167656609,3491.9885521318583,3293.12
2021-09-11 16:00:00,3987.18265773481,3478.4188157728026,3311.0
2021-09-11 20:00:00,4007.6541655548076,3465.0473655364854,3298.35
2021-09-12 00:00:00,4008.773342935393,3484.8763630453554,3267.21
2021-09-12 04:00:00,4024.4012675635618,3490.108125470462,3327.54
2021-09-12 08:00:00,3987.019775843281,3484.942685690456,3320.98
2021-09-12 12:00:00,3986.214452353693,3457.391244708468,3438.06
2021-09-12 16:00:00,4008.2142206716726,3492.6066900144656,3416.55
2021-09-12 20:00:00,4021.3426254106976,3469.689038582598,3406.59
2021-09-13 00:00:00,4031.5880827806345,3482.412403717372,3404.21
2021-09-13 04:00:00,4022.501249210316,3466.587865488221,3257.7
2021-09-13 08:00:00,4020.6066556293063,3472.758991107199,3203.57
2021-09-13 12:00:00,4012.5208489796883,3465.638176367382,3251.24
2021-09-13 16:00:00,3998.751997331712,3438.302375499834,3202.62
2021-09-13 20:00:00,4007.935693183245,3449.4008519890594,3253.69
2021-09-14 00:00:00,3988.823438055969,3439.7501000389775,3285.35
2021-09-14 04:00:00,3976.1226973533667,3394.3467921366423,3291.33
2021-09-14 08:00:00,3948.9538867154097,3390.502372688111,3311.86
2021-09-14 12:00:00,3953.69109113669,3409.99087176347,3330.01
2021-09-14 16:00:00,3968.808447926902,3401.958685824855,3388.34
2021-09-14 20:00:00,3938.4705144733625,3382.606628543808,3350.11
2021-09-15 00:00:00,3904.5400244763746,3351.890622782941,3434.37
2021-09-15 04:00:00,3913.479845467178,3336.0640127822367,3396.19
2021-09-15 08:00:00,3894.1656435423147,3341.8768586169035,3404.19
2021-09-15 12:00:00,3898.5399592383005,3338.470970629779,3410.76
2021-09-15 16:00:00,3881.690252762176,3330.0894357219777,3498.14
2021-09-15 20:00:00,3877.014423061104,3313.9287259924386,3534.46
2021-09-16 00:00:00,3838.3835302396333,3319.189650995799,3613.55
2021-09-16 04:00:00,3861.2609643157266,3301.9394264046264,3542.91
2021-09-16 08:00:00,3824.3055184627315,3297.7620395009167,3634.08
2021-09-16 12:00:00,3846.7553370093906,3286.3917184458096,3619.29
2021-09-16 16:00:00,3834.322287223319,3298.317649799243,3618.2
2021-09-16 20:00:00,3834.511098548178,3303.043074046272,3562.9
2021-09-17 00:00:00,3830.0440622010556,3291.6317826842865,3567.98
2021-09-17 04:00:00,3857.039361400114,3294.0394702371595,3563.03
2021-09-17 08:00:00,3825.0444357854335,3305.0399831509176,3520.13
2021-09-17 12:00:00,3807.5454015585788,3296.9161825190563,3449.03
2021-09-17 16:00:00,3820.370083874572,3294.641481259614,3450.78
2021-09-17 20:00:00,3855.1986964392595,3273.0243225921936,3424.05
2021-09-18 00:00:00,3797.1345866424513,3281.466127381843,3399.81
2021-09-18 04:00:00,3784.5071507583743,3252.45625318774,3451.42
2021-09-18 08:00:00,3796.4617378669027,3259.2628040230175,3503.01
2021-09-18 12:00:00,3798.0178387035608,3250.2560488896174,3496.5
2021-09-18 16:00:00,3797.7091634301423,3298.7962328680505,3474.61
2021-09-18 20:00:00,3852.865015871771,3271.421068468635,3445.12
2021-09-19 00:00:00,3758.4242191703006,3266.652226299534,3435.64
2021-09-19 04:00:00,3804.3486129515472,3267.711102507004,3413.47
2021-09-19 08:00:00,3775.049321198285,3262.5638878885325,3440.72
2021-09-19 12:00:00,3793.359128750268,3276.1405118787966,3326.19
2021-09-19 16:00:00,3797.87721123567,3293.5881217090623,3363.34
2021-09-19 20:00:00,3800.270908099772,3255.773586644449,3337.93
2021-09-20 00:00:00,3779.8636646050345,3286.5333016082914,3328.62
2021-09-20 04:00:00,3805.219784423439,3272.97868967842,3187.09
2021-09-20 08:00:00,3794.442243571443,3255.2190914317243,3127.15
2021-09-20 12:00:00,3768.9081606901527,3239.617557586858,3042.45
2021-09-20 16:00:00,3746.3100855384223,3273.5357738618227,3087.55
2021-09-20 20:00:00,3747.6936725460773,3213.1902871836887,3072.02
2021-09-21 00:00:00,3735.2458059222654,3221.0826917469167,2977.28
2021-09-21 04:00:00,3713.9008162207565,3192.920437181623,2998.78
2021-09-21 08:00:00,3666.1127686381087,3168.0532400995594,3073.95
2021-09-21 12:00:00,3670.1999112645703,3177.9773403380113,3062.72
2021-09-21 16:00:00,3685.389169125841,3155.5356481252616,3035.24
2021-09-21 20:00:00,3679.273050937544,3153.0198873869126,2886.84
2021-09-22 00:00:00,3650.96603256704,3096.79446245784,2765.9
2021-09-22 04:00:00,3628.6600947703887,3063.330386925667,2867.12
2021-09-22 08:00:00,3639.5992203795404,3104.46596998673,2942.07
2021-09-22 12:00:00,3576.9981309915897,3043.735522508351,2894.48
2021-09-22 16:00:00,3529.556880317998,3050.257998021936,3007.22
2021-09-22 20:00:00,3544.933465166592,3034.881263607114,3023.73
2021-09-23 00:00:00,3508.242005627646,3014.1304122225556,3076.92
2021-09-23 04:00:00,3532.663034666644,2998.113429839858,3118.5
2021-09-23 08:00:00,3452.0208377744702,3009.875902294083,3145.95
2021-09-23 12:00:00,3488.5563455850233,2981.4494463576198,3060.24
2021-09-23 16:00:00,3459.6152370595682,2992.97633387589,3092.37
2021-09-23 20:00:00,3464.0179859838445,2989.1746833978605,3147.87
2021-09-24 00:00:00,3436.6303652586807,2968.103784541993,3152.5
2021-09-24 04:00:00,3441.2726295438006,2958.9759695437697,3074.93
2021-09-24 08:00:00,3444.928436735596,2983.9850831017498,3087.82
2021-09-24 12:00:00,3444.9058271502113,2952.5323653727105,2827.91
2021-09-24 16:00:00,3428.916487261915,2931.2270053167813,2877.13
2021-09-24 20:00:00,3417.890410135607,2921.137593627209,2901.78
2021-09-25 00:00:00,3382.4356071792095,2926.9363193456606,2928.53
2021-09-25 04:00:00,3381.4518253837387,2873.618921675656,2912.15
2021-09-25 08:00:00,3364.98640895153,2921.570252015456,2887.38
2021-09-25 12:00:00,3372.8050694403455,2851.477932760081,2913.12
2021-09-25 16:00:00,3354.734352192504,2878.9147100792616,2922.23
2021-09-25 20:00:00,3334.384297927567,2857.123720589711,2916.77
2021-09-26 00:00:00,3337.5305492347816,2877.620753096779,2921.73
2021-09-26 04:00:00,3341.260652856692,2848.8824366003396,2866.52
2021-09-26 08:00:00,3303.944712762159,2856.423483763499,2772.77
2021-09-26 12:00:00,3309.9749097779954,2850.149161665806,2974.28
2021-09-26 16:00:00,3286.1510388999845,2828.7217796892196,3053.17
2021-09-26 20:00:00,3304.9514050151483,2815.542485351965,3057.62
2021-09-27 00:00:00,3298.367759939957,2827.652206191331,3059.37
2021-09-27 04:00:00,3298.3014015490126,2800.073477081162,3131.91
2021-09-27 08:00:00,3288.024289512743,2809.6149395020616,3091.29
2021-09-27 12:00:00,3280.187729983266,2788.6934232792014,3092.79
2021-09-27 16:00:00,3242.154914939106,2770.7420411312323,3059.13
2021-09-27 20:00:00,3270.7834810969025,2758.9590501266407,2992.96
2021-09-28 00:00:00,3248.657797617874,2751.206767121846,2925.59
2021-09-28 04:00:00,3221.8754662909832,2739.3980515566013,2948.97
2021-09-28 08:00:00,3219.3641919758766,2736.348225530034,2894.34
2021-09-28 12:00:00,3235.318672166555,2735.6786909440616,2926.8
2021-09-28 16:00:00,3219.7742944518727,2730.726304387559,2844.4
2021-09-28 20:00:00,3211.0235240156303,2713.903273332025,2838.71
2021-09-29 00:00:00,3214.5729309971825,2726.973950796774,2804.91
2021-09-29 04:00:00,3248.288836443931,2697.100030996854,2895.95
2021-09-29 08:00:00,3202.7250270253717,2701.9878582632314,2928.33
2021-09-29 12:00:00,3204.6085919072048,2659.7674014584336,2933.75
2021-09-29 16:00:00,3172.028304132934,2659.8489673892545,2861.19
2021-09-29 20:00:00,3210.791310849216,2650.9992043579396,2810.16
2021-09-30 00:00:00,3177.1739801309277,2654.5146450799566,2850.45
2021-09-30 04:00:00,3147.472685164798,2636.300270051987,3027.46
2021-09-30 08:00:00,3137.4727935096266,2613.6199967478956,3001.59
2021-09-30 12:00:00,3122.186658500846,2597.2301897897746,2963.35
2021-09-30 16:00:00,3142.853408281011,2607.194523272884,2985.67
2021-09-30 20:00:00,3073.1014037607674,2595.7875145721828,2992.23
2021-10-01 00:00:00,3122.7035021236925,2598.564760388432,3000.61
2021-10-01 04:00:00,3115.4523419984894,2608.4275389067657,3002.98
2021-10-01 08:00:00,3137.2537730989475,2595.94622607417,3091.46
2021-10-01 12:00:00,3128.819089818764,2599.082920390987,3235.49
2021-10-01 16:00:00,3110.5763779755302,2579.9048305171596,3235.7
2021-10-01 20:00:00,3128.6238893636046,2609.63693515119,3297.65
2021-10-02 00:00:00,3128.6338555381008,2597.5574403302403,3309.91
2021-10-02 04:00:00,3152.6426980419246,2599.5286692153036,3267.31
2021-10-02 08:00:00,3164.496880801853,2654.142124221829,3279.9
2021-10-02 12:00:00,3179.3098295977834,2625.861391299468,3296.54
2021-10-02 16:00:00,3147.9389004317854,2626.1343012781786,3386.54
2021-10-02 20:00:00,3179.1988492860232,2649.371324591864,3467.35
2021-10-03 00:00:00,3196.3699305468226,2681.8704844176696,3387.76
2021-10-03 04:00:00,3227.027498764081,2669.324703483645,3404.97
2021-10-03 08:00:00,3256.6338707580912,2694.182058736376,3393.07
2021-10-03 12:00:00,3239.856862919525,2674.737026558516,3413.9
2021-10-03 16:00:00,3261.43965204701,2718.059065012462,3404.75
2021-10-03 20:00:00,3280.207899861884,2728.6010997226795,3467.43
2021-10-04 00:00:00,3301.6053668047493,2726.2437368022456,3417.73
2021-10-04 04:00:00,3308.7775605416123,2730.447780924798,3335.31
2021-10-04 08:00:00,3300.043031238632,2760.3638638435414,3378.24
2021-10-04 12:00:00,3322.083864869288,2756.0627508335806,3313.39
2021-10-04 16:00:00,3303.8251651600867,2741.1660823650136,3322.51
2021-10-04 20:00:00,3318.9079903227475,2728.7600410653076,3415.84
2021-10-05 00:00:00,3307.3877964797007,2769.728814256606,3386.31
2021-10-05 04:00:00,3335.60396601931,2735.095140236014,3387.96
2021-10-05 08:00:00,3343.2813850335297,2760.2278969760455,3389.0
2021-10-05 12:00:00,3358.6126896945907,2797.434186814859,3445.02
2021-10-05 16:00:00,3338.524219274371,2840.34299662457,3418.35
2021-10-05 20:00:00,3383.25266565641,2840.453626952667,3490.55
2021-10-06 00:00:00,3380.978034324628,2819.52801639728,3515.27
2021-10-06 04:00:00,3410.888022358609,2823.3268878948484,3486.63
2021-10-06 08:00:00,3370.4575290569683,2844.4972040471007,3456.12
2021-10-06 12:00:00,3373.0340691105757,2827.7069809922336,3381.22
2021-10-06 16:00:00,3373.8958533399136,2814.106931348905,3613.01
2021-10-06 20:00:00,3373.793021176402,2833.4111498040243,3587.58
2021-10-07 00:00:00,3400.9637603116244,2830.6925667083183,3574.89
2021-10-07 04:00:00,3401.3723414591395,2817.4345634048937,3519.54
2021-10-07 08:00:00,3370.1235146198105,2830.3208815766293,3611.4
2021-10-07 12:00:00,3400.3447932102818,2834.5783816636545,3575.86
2021-10-07 16:00:00,3357.672297061573,2827.1367840524504,3584.99
2021-10-07 20:00:00,3398.71039268663,2862.2164852932488,3606.18
2021-10-08 00:00:00,3421.9047736588705,2846.948778461062,3587.47
2021-10-08 04:00:00,3402.257043066432,2890.483581754741,3574.31
2021-10-08 08:00:00,3406.3254684815365,2910.700958896539,3602.7
2021-10-08 12:00:00,3459.7499982800587,2930.1528637255265,3610.82
2021-10-08 16:00:00,3463.4867280129292,2947.898450781671,3620.96
2021-10-08 20:00:00,3503.508890296464,2965.227539568654,3625.25
2021-10-09 00:00:00,3493.597965587381,3018.644861114267,3563.13
2021-10-09 04:00:00,3520.999989182932,2992.815318981613,3579.48
2021-10-09 08:00:00,3545.545094818609,3010.718611819132,3606.3
2021-10-09 12:00:00,3569.759130527954,3004.0213484923797,3596.98
2021-10-09 16:00:00,3588.193097920161,3051.2142760731067,3600.76
2021-10-09 20:00:00,3582.926891473023,3057.980168626053,3582.54
2021-10-10 00:00:00,3605.4137884469314,3084.1669318057275,3574.82
2021-10-10 04:00:00,3619.209635611892,3091.7749753389567,3530.53
2021-10-10 08:00:00,3615.8311697636723,3105.4531240958436,3582.18
2021-10-10 12:00:00,3664.360268016547,3124.0783671365803,3563.3
2021-10-10 16:00:00,3640.907302165435,3156.207603431548,3557.65
2021-10-10 20:00:00,3671.085668441743,3148.9806515613914,3528.5
2021-10-11 00:00:00,3690.4939835340742,3147.1249039443064,3414.22
2021-10-11 04:00:00,3681.115048360836,3161.401408709215,3518.15
2021-10-11 08:00:00,3692.8105208698203,3258.011507195903,3577.07
2021-10-11 12:00:00,3720.7388210304425,3196.8547404185365,3558.71
2021-10-11 16:00:00,3708.3734118376365,3211.6947233522037,3593.57
2021-10-11 20:00:00,3729.063981984785,3201.560155974513,3515.0
2021-10-12 00:00:00,3739.8501361263893,3204.7043653761416,3542.12
2021-10-12 04:00:00,3757.8219152453744,3222.9011790679374,3486.21
2021-10-12 08:00:00,3744.550150265544,3261.216465406823,3481.59
2021-10-12 12:00:00,3755.361380175866,3242.1324825719994,3456.95
2021-10-12 16:00:00,3764.6840218480756,3245.498427716014,3505.02
2021-10-12 20:00:00,3792.47138589972,3294.662319351764,3465.67
2021-10-13 00:00:00,3790.666337483101,3290.2110725166617,3491.46
2021-10-13 04:00:00,3800.7775163836955,3263.68574042439,3501.88
2021-10-13 08:00:00,3805.774672402227,3284.432909750798,3427.76
2021-10-13 12:00:00,3826.4391821139793,3264.5260403425823,3468.68
2021-10-13 16:00:00,3782.7423581176045,3334.5442882202988,3485.52
2021-10-13 20:00:00,3806.8241685849025,3312.305421525972,3521.23
2021-10-14 00:00:00,3833.589071330394,3316.4361705018855,3607.42
2021-10-14 04:00:00,3814.294562048207,3353.9211683948497,3643.0
2021-10-14 08:00:00,3833.8295890018076,3307.3545597714037,3630.01
2021-10-14 12:00:00,3830.8935788595713,3291.2519659867085,3735.75
2021-10-14 16:00:00,3822.157296045299,3320.304723219279,3808.42
2021-10-14 20:00:00,3804.630773866044,3360.7555508586065,3791.77
2021-10-15 00:00:00,3838.9476300673355,3350.911585707601,3790.82
2021-10-15 04:00:00,3844.502882126571,3335.063211547674,3820.92
2021-10-15 08:00:00,3880.3282456785855,3390.881097384829,3805.05
2021-10-15 12:00:00,3901.6340225536533,3397.583004456831,3778.64
2021-10-15 16:00:00,3869.660300255846,3395.2408344807222,3791.09
2021-10-15 20:00:00,3901.9073079786863,3397.4778962375367,3848.9
2021-10-16 00:00:00,3889.590918010676,3411.4408037815583,3868.99
2021-10-16 04:00:00,3931.458309475632,3397.7484339816215,3842.95
2021-10-16 08:00:00,3906.236062166836,3431.7569710733464,3853.72
2021-10-16 12:00:00,3931.781584923925,3430.1812550095783,3956.75
2021-10-16 16:00:00,3924.7311731151076,3466.7647098803886,3907.64
2021-10-16 20:00:00,3931.864415070859,3414.498440079837,3838.99
2021-10-17 00:00:00,3952.811222267856,3482.808972474926,3829.96
2021-10-17 04:00:00,3957.215468404266,3456.7232154609396,3878.16
2021-10-17 08:00:00,3939.080889476362,3453.745309809887,3877.48
2021-10-17 12:00:00,4008.721946578579,3485.6333007238045,3858.79
2021-10-17 16:00:00,4014.2655372477443,3507.174909062069,3788.21
2021-10-17 20:00:00,3973.311349261912,3485.2220397192214,3766.35
2021-10-18 00:00:00,3974.184253895578,3508.6172882249143,3846.85
2021-10-18 04:00:00,4003.988469595775,3470.1253647422236,3852.77
2021-10-18 08:00:00,3985.679907086886,3311.8945396491617,3837.52
2021-10-18 12:00:00,3986.101933500113,3483.043665079047,3745.45
2021-10-18 16:00:00,3999.1060339525575,3487.999089868105,3761.0
2021-10-18 20:00:00,3984.728021819051,3477.344153774495,3747.72
2021-10-19 00:00:00,4003.7002958840953,3462.632990116061,3744.96
2021-10-19 04:00:00,3968.391037200607,3474.5744005036713,3823.01
2021-10-19 08:00:00,3978.4218039390075,3497.894418536085,3809.51
2021-10-19 12:00:00,4017.509810014066,3515.4603131822237,3798.13
2021-10-19 16:00:00,4006.0772029903014,3534.0877227098554,3774.98
2021-10-19 20:00:00,4046.324450577755,3567.9193339521285,3816.48
2021-10-20 00:00:00,4034.091670685776,3548.9657209461434,3877.03
2021-10-20 04:00:00,4048.027117231785,3575.923052590802,3844.24
2021-10-20 08:00:00,4051.0057930550893,3581.890654471122,3858.27
2021-10-20 12:00:00,4085.227142644482,3593.982379936467,3861.01
2021-10-20 16:00:00,4095.0923328163003,3596.8697341158263,4080.99
2021-10-20 20:00:00,4100.2585126792965,3616.376667166322,4100.93
2021-10-21 00:00:00,4115.021637122011,3623.743051475749,4161.15
2021-10-21 04:00:00,4110.694246300051,3610.215457125026,4185.82
2021-10-21 08:00:00,4116.073307986074,3626.4563550180565,4162.55
2021-10-21 12:00:00,4137.0838753818225,3659.2611731546513,4211.88
2021-10-21 16:00:00,4169.5120755268845,3660.253002347499,4090.0
2021-10-21 20:00:00,4156.213309067946,3680.884827473471,4080.55
2021-10-22 00:00:00,4193.938086640881,3705.060956859296,4052.99
2021-10-22 04:00:00,4213.539290139166,3699.4744594585945,4155.99
2021-10-22 08:00:00,4215.602867489953,3717.3129324455654,4142.15
2021-10-22 12:00:00,4229.9240072945895,3743.353528678331,4125.3
2021-10-22 16:00:00,4230.6612309832935,3749.3559807938595,3966.52
2021-10-22 20:00:00,4251.180848545582,3753.752131531016,3983.47
2021-10-23 00:00:00,4257.395401870736,3766.95833523307,3972.2
2021-10-23 04:00:00,4286.67497815807,3748.152541248433,4023.9
2021-10-23 08:00:00,4271.031243630404,3744.9895300724856,4012.84
2021-10-23 12:00:00,4273.070831506235,3773.65418322867,4039.2
2021-10-23 16:00:00,4291.545462050367,3760.075055425284,4086.6
2021-10-23 20:00:00,4320.107850940689,3734.921563087274,4084.06
2021-10-24 00:00:00,4305.412053230564,3773.715495683653,4167.12
2021-10-24 04:00:00,4319.844209906799,3787.2418236964627,4132.89
2021-10-24 08:00:00,4325.786975219552,3800.4056833011045,4094.13
2021-10-24 12:00:00,4341.819136180282,3817.171565064545,4026.2
2021-10-24 16:00:00,4385.130237031472,3841.744099147478,4000.11
2021-10-24 20:00:00,4360.728279345858,3818.058970325408,4043.03
2021-10-25 00:00:00,4372.412605218501,3839.971025204506,4082.33
2021-10-25 04:00:00,4385.50558714276,3850.2958584023486,4134.69
2021-10-25 08:00:00,4405.555752528629,3846.2072846218384,4149.33
2021-10-25 12:00:00,4397.575443286816,3856.782482277877,4126.4
2021-10-25 16:00:00,4382.781158118377,3877.811860701206,4210.11
2021-10-25 20:00:00,4369.700603729699,3846.372108899938,4184.47
2021-10-26 00:00:00,4406.026133343625,3867.9224687605206,4220.37
2021-10-26 04:00:00,4412.607475690357,3882.6770381854767,4224.89
2021-10-26 08:00:00,4435.54911992954,3909.482761830287,4198.76
2021-10-26 12:00:00,4463.370635192321,3918.9826508136107,4213.92
2021-10-26 16:00:00,4467.2157110569815,3902.0022041949373,4187.64
2021-10-26 20:00:00,4471.108881147971,3944.89862553977,4211.68
2021-10-27 00:00:00,4478.7650228124785,3952.1082267636084,4131.52
2021-10-27 04:00:00,4509.552849615703,3931.5419583199714,4209.72
2021-10-27 08:00:00,4532.942422060866,3960.4965840604086,4136.34
2021-10-27 12:00:00,4507.062652183835,3947.8483774240017,3992.09
2021-10-27 16:00:00,4500.705752822474,3957.7702899065903,3993.47
2021-10-27 20:00:00,4516.91741511866,3930.723841866032,3998.46
2021-10-28 00:00:00,4512.026802610835,3948.7156189250263,3922.0
2021-10-28 04:00:00,4524.038055107451,3913.6689185083274,3995.64
2021-10-28 08:00:00,4507.264804905089,3953.926149223075,4009.86
2021-10-28 12:00:00,4500.39666644689,3926.201798388725,4151.95
2021-10-28 16:00:00,4501.915499486772,3927.3620932330177,4151.21
2021-10-28 20:00:00,4501.118108798928,3926.3262899312003,4259.04
2021-10-29 00:00:00,4485.907786384096,3953.4010775725383,4286.02
2021-10-29 04:00:00,4534.638471792178,3947.004020411837,4379.83
2021-10-29 08:00:00,4523.456991272561,3994.206376601467,4307.56
2021-10-29 12:00:00,4540.558398672487,3963.805653052498,4320.53
2021-10-29 16:00:00,4545.937234242854,4007.500736912198,4440.3
2021-10-29 20:00:00,4548.958461029379,3985.947872024872,4403.97
2021-10-30 00:00:00,4549.190895762831,4006.656693972875,4418.89
2021-10-30 04:00:00,4579.695284275338,3993.55676972607,4342.72
2021-10-30 08:00:00,4573.285808707859,4029.104979733091,4349.72
2021-10-30 12:00:00,4578.354895870989,4005.3843621815254,4333.35
2021-10-30 16:00:00,4577.889763524347,4002.7457847546675,4282.45
2021-10-30 20:00:00,4555.530209919231,4038.8292670473875,4336.63
2021-10-31 00:00:00,4589.016513377814,4032.2202224285797,4322.68
2021-10-31 04:00:00,4587.6248147335045,4028.230152829618,4370.49
2021-10-31 08:00:00,4601.633548520931,4045.2163256167814,4318.16
2021-10-31 12:00:00,4625.212504211086,4050.442987076366,4207.48
2021-10-31 16:00:00,4635.426992421735,4088.426138297252,4214.36
2021-10-31 20:00:00,4626.75407337379,4053.404774277438,4247.82
2021-11-01 00:00:00,4613.827714175143,4083.646650894363,4287.21
2021-11-01 04:00:00,4648.5040334338155,4071.923076680008,4190.66
2021-11-01 08:00:00,4611.381135326715,4090.403774851727,4302.93
2021-11-01 12:00:00,4635.398333654193,4083.376985564151,4315.0
2021-11-01 16:00:00,4626.129041753389,4103.114948382115,4349.98
2021-11-01 20:00:00,4650.20672764125,4075.347822884938,4364.28
2021-11-02 00:00:00,4634.709252767658,4081.7955622409468,4319.43
2021-11-02 04:00:00,4663.159622867162,4096.807623087918,4318.83
2021-11-02 08:00:00,4627.650509047683,4093.9457321687355,4340.81
2021-11-02 12:00:00,4633.799764906161,4099.578265371575,4413.09
2021-11-02 16:00:00,4642.6460401540735,4113.548921977985,4511.42
2021-11-02 20:00:00,4643.299151775286,4152.124994512639,4509.0
2021-11-03 00:00:00,4700.355694087363,4171.6017385467585,4589.89
2021-11-03 04:00:00,4654.994290401723,4185.929330038701,4588.75
2021-11-03 08:00:00,4681.494448121261,4198.915225814773,4610.62
2021-11-03 12:00:00,4702.241479861616,4203.787028513893,4577.27
2021-11-03 16:00:00,4714.453972979928,4210.313839125747,4545.68
2021-11-03 20:00:00,4714.366637946144,4209.90122698303,4623.46
2021-11-04 00:00:00,4716.179677929002,4337.113931441927,4603.35
2021-11-04 04:00:00,4721.399484311159,4219.443859121155,4556.41
2021-11-04 08:00:00,4727.648608950778,4234.689625620428,4516.16
2021-11-04 12:00:00,4731.09598255488,4239.87019453625,4509.29
2021-11-04 16:00:00,4735.686879901412,4261.485507578553,4480.33
2021-11-04 20:00:00,4768.425391261318,4247.647294828678,4489.83
2021-11-05 00:00:00,4767.785564492512,4271.355556407062,4532.32
2021-11-05 04:00:00,4794.239661634433,4280.394387201188,4542.4
2021-11-05 08:00:00,4779.817237413462,4299.799216402909,4529.35
2021-11-05 12:00:00,4804.054588680145,4297.116952782779,4473.58
2021-11-05 16:00:00,4796.401803216203,4313.37999317325,4462.04
2021-11-05 20:00:00,4813.88116793503,4342.010555886974,4495.0
2021-11-06 00:00:00,4824.172239700629,4315.523932561095,4474.24
2021-11-06 04:00:00,4814.398361012556,4328.980975902943,4491.01
2021-11-06 08:00:00,4820.314503218498,4334.8443663786775,4471.72
2021-11-06 12:00:00,4837.332355933416,4333.525341068024,4369.52
2021-11-06 16:00:00,4818.313341757544,4350.068954077314,4398.57
2021-11-06 20:00:00,4839.607057282144,4354.224251145869,4493.73
2021-11-07 00:00:00,4832.546449639228,4371.2985863538615,4518.0
2021-11-07 04:00:00,4854.2490754778655,4418.963561827946,4549.99
2021-11-07 08:00:00,4860.372940912333,4391.531322077601,4541.5
2021-11-07 12:00:00,4844.697372761774,4396.080292954752,4592.95
2021-11-07 16:00:00,4871.150559088617,4414.560024981134,4604.05
2021-11-07 20:00:00,4872.299044476227,4429.113896595859,4603.36
2021-11-08 00:00:00,4891.257463903499,4440.623942677533,4612.59
2021-11-08 04:00:00,4919.843625483333,4443.577646381311,4720.51
2021-11-08 08:00:00,4914.2084781981575,4451.307805158927,4723.29
2021-11-08 12:00:00,4903.2316797279655,4451.346360502884,4730.02
2021-11-08 16:00:00,4933.62904157238,4475.575732872573,4763.77
2021-11-08 20:00:00,4938.524568932866,4463.616700892146,4752.0
2021-11-09 00:00:00,4939.914047145381,4479.515963292396,4807.98
2021-11-09 04:00:00,4959.736214976015,4494.699828992971,4814.0
2021-11-09 08:00:00,4958.951993849176,4495.843672952116,4783.96
2021-11-09 12:00:00,4975.391973390895,4497.823242844878,4774.61
2021-11-09 16:00:00,4984.051226052251,4522.64837070681,4790.99
2021-11-09 20:00:00,5013.860112924831,4514.062950003792,4750.62
2021-11-10 00:00:00,5022.224536892074,4562.663500288167,4732.33
2021-11-10 04:00:00,5034.360875946891,4569.681583036193,4691.48
2021-11-10 08:00:00,5024.476709952017,4571.279494850319,4714.6
2021-11-10 12:00:00,5053.378937129507,4566.391000083726,4729.67
2021-11-10 16:00:00,5047.465611670523,4582.301401992713,4846.71
2021-11-10 20:00:00,5032.876560878038,4589.48198371479,4705.37
2021-11-11 00:00:00,5043.3777042295815,4573.124455492605,4628.78
2021-11-11 04:00:00,5054.038351074277,4567.560971140346,4636.68
2021-11-11 08:00:00,5064.104432307404,4586.658965109067,4691.34
2021-11-11 12:00:00,5042.113448235035,4557.509092065398,4721.95
2021-11-11 16:00:00,5043.139918820134,4566.3382708929685,4719.81
2021-11-11 20:00:00,5063.038172747626,4572.233908515553,4758.98
2021-11-12 00:00:00,5077.494080233593,4597.767078523029,4719.0
2021-11-12 04:00:00,5086.746711976282,4597.39569982498,4774.35
2021-11-12 08:00:00,5059.438963022259,4595.796662442082,4711.39
2021-11-12 12:00:00,5081.510991835488,4618.195512726317,4600.85
2021-11-12 16:00:00,5086.236146043803,4597.695813615163,4571.06
2021-11-12 20:00:00,5068.003770378876,4621.90166166675,4654.21
2021-11-13 00:00:00,5104.679241329184,4596.259278369688,4665.46
2021-11-13 04:00:00,5082.7650884686,4604.131906138756,4639.5
2021-11-13 08:00:00,5080.6396947812755,4591.632804419044,4645.55
2021-11-13 12:00:00,5103.326384290925,4570.107581016695,4609.31
2021-11-13 16:00:00,5081.425104007912,4595.643918384597,4680.23
2021-11-13 20:00:00,5096.536795116018,4590.14296063684,4643.8
2021-11-14 00:00:00,5085.077396816393,4601.452512564025,4644.28
2021-11-14 04:00:00,5109.571475859852,4585.197026000338,4628.63
2021-11-14 08:00:00,5087.922924143612,4611.643772309725,4598.4
2021-11-14 12:00:00,5121.794728756781,4612.840592456938,4612.45
2021-11-14 16:00:00,5109.707796606799,4597.3824509532415,4583.91
2021-11-14 20:00:00,5120.261604018275,4626.681667339088,4545.01
2021-11-15 00:00:00,5122.284977568972,4621.32965901481,4626.5
2021-11-15 04:00:00,5131.796301936407,4623.393333260279,4702.07
